,Volcano_Number,Eruption_Number,Activity_Type,ExplosivityIndexMax,StartEvidenceMethod,StartDateYear,StartDateMonth,StartDateDay,EndDateYear,EndDateMonth,EndDateDay,StartDate,EndDate
55,290240,22288,Confirmed Eruption,2,Observations: Reported,2018,9,8,2018,10,15,2018-09-08,2018-10-15
56,290240,22308,Confirmed Eruption,2,Observations: Reported,2017,10,12,2017,11,13,2017-10-12,2017-11-13
57,290240,22320,Confirmed Eruption,2,Observations: Reported,2019,5,16,2019,10,7,2019-05-16,2019-10-07
58,290240,18817,Confirmed Eruption,1,Observations: Reported,1986,9,1,1986,9,1,1986-09-01,1986-09-01
59,290240,18818,Confirmed Eruption,1,Observations: Reported,1989,1,13,1989,1,14,1989-01-13,1989-01-14
60,290240,18819,Confirmed Eruption,4,Observations: Reported,2009,6,11,2009,7,16,2009-06-11,2009-07-16
61,290240,18820,Uncertain Eruption,2,Observations: Satellite (visual),2010,9,20,2010,9,20,2010-09-20,2010-09-20
62,290240,18816,Confirmed Eruption,2,Observations: Reported,1976,9,23,1976,10,2,1976-09-23,1976-10-02
63,290250,22321,Confirmed Eruption,3,Observations: Reported,2019,6,22,2019,7,1,2019-06-22,2019-07-01
64,290260,20757,Confirmed Eruption,1,Observations: Reported,2013,6,11,2014,6,1,2013-06-11,2014-06-01
65,290260,18828,Confirmed Eruption,2,Observations: Reported,1979,4,16,1980,10,10,1979-04-16,1980-10-10
66,290260,18829,Confirmed Eruption,1,Observations: Reported,1986,10,11,1986,10,12,1986-10-11,1986-10-12
67,290260,18830,Confirmed Eruption,2,Observations: Reported,2004,7,20,2004,7,20,2004-07-20,2004-07-20
68,290260,22175,Confirmed Eruption,3,Observations: Reported,2016,11,29,2017,4,7,2016-11-29,2017-04-07
69,290260,22223,Confirmed Eruption,2,Observations: Reported,2014,11,21,2015,8,10,2014-11-21,2015-08-10
70,290270,18832,Confirmed Eruption,1,Observations: Reported,1980,5,24,1980,5,24,1980-05-24,1980-05-24
71,290270,18833,Confirmed Eruption,2,Observations: Reported,2010,6,30,2010,8,10,2010-06-30,2010-08-10
72,290290,20980,Uncertain Eruption,1,Observations: Reported,2014,12,3,2014,12,3,2014-12-03,2014-12-03
241,300260,22310,Confirmed Eruption,2,Observations: Reported,2019,4,9,2021,3,20,2019-04-09,2021-03-20
242,300260,19484,Confirmed Eruption,1,Observations: Reported,2008,10,8,2009,4,16,2008-10-08,2009-04-16
243,300260,19485,Confirmed Eruption,2,Observations: Reported,2009,8,1,2010,12,20,2009-08-01,2010-12-20
244,300260,20992,Confirmed Eruption,2,Observations: Reported,2015,1,1,2015,5,10,2015-01-01,2015-05-10
245,300260,21095,Confirmed Eruption,3,Observations: Reported,2015,8,28,2018,7,14,2015-08-28,2018-07-14
246,300260,19478,Confirmed Eruption,2,Observations: Reported,2000,7,28,2000,9,22,2000-07-28,2000-09-22
247,300260,19479,Confirmed Eruption,2,Observations: Reported,2002,4,9,2002,6,9,2002-04-09,2002-06-09
248,300260,19480,Confirmed Eruption,2,Observations: Reported,2002,11,24,2004,4,8,2002-11-24,2004-04-08
249,300260,19481,Confirmed Eruption,1,Observations: Reported,2004,9,15,2004,9,15,2004-09-15,2004-09-15
250,300260,19482,Confirmed Eruption,2,Observations: Reported,2005,1,20,2005,4,7,2005-01-20,2005-04-07
251,300260,19483,Confirmed Eruption,2,Observations: Reported,2007,2,15,2007,7,15,2007-02-15,2007-07-15
252,300260,19472,Confirmed Eruption,3,Observations: Reported,1994,9,8,1995,1,14,1994-09-08,1995-01-14
253,300260,19473,Confirmed Eruption,2,Observations: Reported,1996,11,14,1997,3,20,1996-11-14,1997-03-20
254,300260,19474,Confirmed Eruption,1,Observations: Reported,1997,9,7,1997,9,26,1997-09-07,1997-09-26
255,300260,19475,Confirmed Eruption,2,Observations: Reported,1998,7,23,1998,9,2,1998-07-23,1998-09-02
256,300260,19476,Confirmed Eruption,2,Observations: Reported,1999,2,5,1999,7,12,1999-02-05,1999-07-12
257,300260,19477,Confirmed Eruption,2,Observations: Reported,2000,2,3,2000,2,8,2000-02-03,2000-02-08
258,300260,19466,Confirmed Eruption,3,Observations: Reported,1985,8,16,1986,1,21,1985-08-16,1986-01-21
259,300260,19467,Confirmed Eruption,2,Observations: Reported,1986,6,8,1986,7,11,1986-06-08,1986-07-11
260,300260,19468,Confirmed Eruption,4,Observations: Reported,1986,11,27,1990,9,16,1986-11-27,1990-09-16
261,300260,19469,Confirmed Eruption,2,Observations: Reported,1991,4,8,1991,6,24,1991-04-08,1991-06-24
262,300260,19470,Confirmed Eruption,2,Observations: Reported,1992,1,25,1992,5,25,1992-01-25,1992-05-25
263,300260,19471,Confirmed Eruption,2,Observations: Reported,1992,9,12,1993,9,12,1992-09-12,1993-09-12
264,300260,19460,Confirmed Eruption,3,Observations: Reported,1977,8,2,1980,3,12,1977-08-02,1980-03-12
265,300260,19461,Confirmed Eruption,1,Observations: Reported,1981,1,25,1981,8,4,1981-01-25,1981-08-04
266,300260,19463,Confirmed Eruption,1,Observations: Reported,1982,3,24,1982,5,2,1982-03-24,1982-05-02
267,300260,19464,Confirmed Eruption,2,Observations: Reported,1982,10,7,1983,6,27,1982-10-07,1983-06-27
268,300260,19465,Confirmed Eruption,3,Observations: Reported,1984,3,10,1985,1,28,1984-03-10,1985-01-28
269,300260,19456,Confirmed Eruption,2,Observations: Reported,1970,5,26,1970,12,27,1970-05-26,1970-12-27
270,300260,19457,Confirmed Eruption,1,Observations: Reported,1971,6,16,1971,7,16,1971-06-16,1971-07-16
271,300260,19458,Confirmed Eruption,1,Observations: Reported,1971,11,16,1973,12,16,1971-11-16,1973-12-16
272,300260,19459,Confirmed Eruption,3,Observations: Reported,1974,4,8,1974,12,16,1974-04-08,1974-12-16
273,300260,20783,Confirmed Eruption,2,Observations: Reported,2011,3,30,2011,7,3,2011-03-30,2011-07-03
274,300260,20785,Confirmed Eruption,1,Observations: Reported,2012,9,1,2013,1,28,2012-09-01,2013-01-28
275,300260,20786,Confirmed Eruption,3,Observations: Reported,2013,8,15,2013,12,20,2013-08-15,2013-12-20
276,300270,19594,Confirmed Eruption,4,Observations: Reported,1999,8,15,2024,12,19,1999-08-15,2024-12-19
277,300270,19583,Confirmed Eruption,3,Observations: Reported,1986,3,28,1988,2,28,1986-03-28,1988-02-28
278,300270,19584,Confirmed Eruption,2,Observations: Reported,1988,12,7,1988,12,7,1988-12-07,1988-12-07
279,300270,19585,Confirmed Eruption,3,Observations: Reported,1990,1,10,1995,2,16,1990-01-10,1995-02-16
280,300270,19586,Confirmed Eruption,2,Observations: Reported,1997,3,8,1997,4,4,1997-03-08,1997-04-04
281,300270,19587,Confirmed Eruption,3,Observations: Reported,1998,5,30,1998,9,3,1998-05-30,1998-09-03
282,300270,19588,Confirmed Eruption,2,Observations: Reported,1999,4,3,1999,4,12,1999-04-03,1999-04-12
283,300270,19580,Confirmed Eruption,1,Observations: Reported,1980,8,23,1981,12,1,1980-08-23,1981-12-01
284,300270,19581,Confirmed Eruption,2,Observations: Reported,1984,3,17,1984,9,6,1984-03-17,1984-09-06
285,300270,19582,Confirmed Eruption,2,Observations: Reported,1985,5,26,1985,10,25,1985-05-26,1985-10-25
286,300270,19567,Confirmed Eruption,2,Observations: Reported,1989,4,7,1989,6,26,1989-04-07,1989-06-26
372,300230,19264,Confirmed Eruption,3,Observations: Reported,2010,11,11,2013,9,13,2010-11-11,2013-09-13
373,300240,19323,Confirmed Eruption,4,Observations: Reported,1975,6,28,1976,12,10,1975-06-28,1976-12-10
374,300240,19320,Confirmed Eruption,1,Observations: Reported,1970,1,16,1970,4,16,1970-01-16,1970-04-16
375,300240,19321,Confirmed Eruption,2,Observations: Reported,1970,9,16,1970,12,1,1970-09-16,1970-12-01
376,300240,19322,Uncertain Eruption,1,unknown,1973,10,16,1974,12,16,1973-10-16,1974-12-16
377,300240,20825,Confirmed Eruption,3,Observations: Reported,2012,11,27,2013,9,5,2012-11-27,2013-09-05
378,300250,22496,Confirmed Eruption,3,Observations: Reported,2016,12,5,2021,2,1,2016-12-05,2021-02-01
379,300250,19385,Confirmed Eruption,3,Observations: Reported,2007,5,10,2007,12,24,2007-05-10,2007-12-24
380,300250,19386,Confirmed Eruption,3,Observations: Reported,2008,7,11,2008,8,23,2008-07-11,2008-08-23
381,300250,19387,Confirmed Eruption,3,Observations: Reported,2009,12,17,2010,2,16,2009-12-17,2010-02-16
382,300250,19388,Confirmed Eruption,3,Observations: Satellite (infrared),2010,5,21,2011,4,29,2010-05-21,2011-04-29
383,300250,19379,Confirmed Eruption,2,Observations: Reported,2001,12,10,2002,1,6,2001-12-10,2002-01-06
384,300250,19380,Confirmed Eruption,2,Observations: Reported,2002,12,25,2002,12,28,2002-12-25,2002-12-28
385,300250,19381,Confirmed Eruption,3,Observations: Reported,2003,7,26,2003,8,1,2003-07-26,2003-08-01
386,300250,19382,Confirmed Eruption,3,Observations: Reported,2004,1,14,2005,2,16,2004-01-14,2005-02-16
387,300250,19383,Confirmed Eruption,2,Observations: Reported,2005,11,29,2005,12,1,2005-11-29,2005-12-01
388,300250,19384,Confirmed Eruption,3,Observations: Reported,2006,4,16,2006,12,29,2006-04-16,2006-12-29
389,300250,19373,Confirmed Eruption,3,Observations: Reported,1997,12,5,1997,12,6,1997-12-05,1997-12-06
390,300250,19375,Confirmed Eruption,2,Observations: Reported,1999,2,25,1999,2,25,1999-02-25,1999-02-25
391,300250,19376,Confirmed Eruption,2,Observations: Reported,2000,3,14,2000,3,26,2000-03-14,2000-03-26
392,300250,19377,Confirmed Eruption,2,Observations: Reported,2000,7,18,2000,11,4,2000-07-18,2000-11-04
393,300250,19378,Confirmed Eruption,3,Observations: Reported,2001,7,23,2001,8,10,2001-07-23,2001-08-10
394,300250,19367,Confirmed Eruption,2,Observations: Reported,1992,3,12,1992,6,12,1992-03-12,1992-06-12
395,300250,19368,Confirmed Eruption,3,Observations: Reported,1993,10,21,1994,2,4,1993-10-21,1994-02-04
396,300250,19369,Confirmed Eruption,2,Observations: Reported,1994,7,7,1994,10,5,1994-07-07,1994-10-05
397,300250,19370,Confirmed Eruption,3,Observations: Reported,1995,9,16,1995,10,8,1995-09-16,1995-10-08
398,300250,19372,Confirmed Eruption,3,Observations: Reported,1997,5,8,1997,5,16,1997-05-08,1997-05-16
399,300250,19361,Confirmed Eruption,3,Observations: Reported,1984,2,5,1984,12,16,1984-02-05,1984-12-16
400,300250,19362,Confirmed Eruption,3,Observations: Reported,1985,6,12,1985,12,14,1985-06-12,1985-12-14
401,300250,19363,Confirmed Eruption,2,Observations: Reported,1986,3,26,1986,6,29,1986-03-26,1986-06-29
402,300250,19364,Confirmed Eruption,3,Observations: Reported,1986,12,5,1988,7,26,1986-12-05,1988-07-26
403,300250,19365,Confirmed Eruption,2,Observations: Reported,1989,8,1,1989,8,4,1989-08-01,1989-08-04
404,300250,19366,Confirmed Eruption,3,Observations: Reported,1990,1,29,1991,11,29,1990-01-29,1991-11-29
405,300250,19352,Confirmed Eruption,2,Observations: Reported,1978,9,8,1978,9,8,1978-09-08,1978-09-08
406,300250,19353,Confirmed Eruption,3,Observations: Reported,1979,2,11,1979,2,11,1979-02-11,1979-02-11
407,300250,19354,Confirmed Eruption,2,Observations: Reported,1979,9,18,1979,9,18,1979-09-18,1979-09-18
408,300250,19355,Confirmed Eruption,3,Observations: Reported,1980,4,18,1980,4,19,1980-04-18,1980-04-19
409,300250,19356,Confirmed Eruption,2,Observations: Reported,1980,8,21,1980,8,27,1980-08-21,1980-08-27
410,300250,19360,Confirmed Eruption,3,Observations: Reported,1981,6,12,1983,5,22,1981-06-12,1983-05-22
411,300250,19348,Confirmed Eruption,3,Observations: Reported,1965,3,9,1970,3,16,1965-03-09,1970-03-16
412,300250,19349,Confirmed Eruption,3,Observations: Reported,1971,3,16,1974,12,16,1971-03-16,1974-12-16
413,300250,19350,Confirmed Eruption,2,Observations: Reported,1976,3,25,1976,3,25,1976-03-25,1976-03-25
414,300250,19351,Confirmed Eruption,3,Observations: Reported,1977,3,25,1977,3,25,1977-03-25,1977-03-25
476,290120,18773,Confirmed Eruption,3,Observations: Reported,1970,2,16,1970,3,16,1970-02-16,1970-03-16
477,290120,18774,Confirmed Eruption,1,Observations: Reported,1973,7,25,1973,7,26,1973-07-25,1973-07-26
478,290120,18775,Uncertain Eruption,1,unknown,2005,7,2,2005,7,2,2005-07-02,2005-07-02
479,290120,18776,Uncertain Eruption,2,unknown,2009,8,26,2009,8,26,2009-08-26,2009-08-26
480,290150,18785,Confirmed Eruption,2,Observations: Reported,1982,11,22,1982,11,22,1982-11-22,1982-11-22
481,290200,22287,Uncertain Eruption,1,Observations: Reported,2018,9,21,2018,9,21,2018-09-21,2018-09-21
616,283220,18034,Confirmed Eruption,1,Observations: Reported,1974,3,1,1974,4,30,1974-03-01,1974-04-30
617,283230,18053,Confirmed Eruption,2,Observations: Reported,1970,9,18,1971,1,26,1970-09-18,1971-01-26
618,283260,18089,Confirmed Eruption,1,Observations: Reported,1997,5,11,1997,5,11,1997-05-11,1997-05-11
619,283260,18090,Confirmed Eruption,1,Observations: Reported,1997,8,16,1997,8,16,1997-08-16,1997-08-16
632,300060,18972,Confirmed Eruption,2,Observations: Reported,2000,3,17,2000,3,17,2000-03-17,2000-03-17
633,300060,18973,Confirmed Eruption,1,Observations: Hydrophonic,2000,6,30,2000,6,30,2000-06-30,2000-06-30
634,300070,19024,Confirmed Eruption,3,Observations: Reported,1980,6,15,1981,7,3,1980-06-15,1981-07-03
635,300070,19025,Confirmed Eruption,2,Observations: Reported,1984,8,4,1986,9,21,1984-08-04,1986-09-21
636,300070,19026,Confirmed Eruption,1,Observations: Reported,2010,6,6,2010,6,22,2010-06-06,2010-06-22
637,300090,19045,Confirmed Eruption,2,Observations: Reported,2008,12,23,2009,8,27,2008-12-23,2009-08-27
638,300100,19104,Confirmed Eruption,1,Observations: Reported,2001,10,5,2001,10,5,2001-10-05,2001-10-05
639,300100,19103,Confirmed Eruption,2,Observations: Reported,1991,1,13,1991,1,30,1991-01-13,1991-01-30
716,290360,18858,Confirmed Eruption,2,Observations: Reported,2007,3,4,2007,4,18,2007-03-04,2007-04-18
717,290360,18859,Confirmed Eruption,2,Observations: Reported,2007,8,19,2007,11,1,2007-08-19,2007-11-01
718,290360,18860,Confirmed Eruption,2,Observations: Reported,2008,7,29,2008,8,8,2008-07-29,2008-08-08
719,290360,22127,Confirmed Eruption,2,Observations: Reported,2016,3,29,2016,3,31,2016-03-29,2016-03-31
720,290360,22153,Confirmed Eruption,2,Observations: Reported,2016,7,27,2016,8,30,2016-07-27,2016-08-30
721,290360,18853,Confirmed Eruption,2,Observations: Reported,1973,8,10,1973,9,28,1973-08-10,1973-09-28
722,290360,18854,Confirmed Eruption,4,Observations: Reported,1986,11,18,1986,12,7,1986-11-18,1986-12-07
723,290360,18855,Confirmed Eruption,2,Observations: Reported,2002,1,25,2002,4,22,2002-01-25,2002-04-22
724,290360,18856,Confirmed Eruption,2,Observations: Reported,2003,4,17,2003,7,3,2003-04-17,2003-07-03
725,290360,18857,Confirmed Eruption,1,Observations: Reported,2005,3,12,2005,4,7,2005-03-12,2005-04-07
726,290360,20990,Confirmed Eruption,3,Observations: Reported,2015,2,16,2015,2,18,2015-02-16,2015-02-18
727,290380,18877,Confirmed Eruption,2,Observations: Reported,2005,1,29,2005,2,16,2005-01-29,2005-02-16
728,290380,18878,Confirmed Eruption,1,Observations: Reported,2009,2,11,2009,7,13,2009-02-11,2009-07-13
729,290380,18879,Confirmed Eruption,1,Observations: Reported,2010,7,2,2010,7,9,2010-07-02,2010-07-09
730,290380,18873,Uncertain Eruption,1,unknown,1971,7,2,1971,7,2,1971-07-02,1971-07-02
731,290380,18874,Confirmed Eruption,1,Observations: Reported,1987,10,14,1988,1,16,1987-10-14,1988-01-16
732,290380,18875,Confirmed Eruption,2,Observations: Reported,1989,2,2,1990,4,15,1989-02-02,1990-04-15
733,290380,18876,Confirmed Eruption,1,Observations: Reported,1991,1,16,1991,1,16,1991-01-16,1991-01-16
734,290380,22176,Confirmed Eruption,2,Observations: Reported,2016,10,20,2021,11,9,2016-10-20,2021-11-09
735,290390,22281,Confirmed Eruption,1,Observations: Reported,2018,8,20,2018,8,21,2018-08-20,2018-08-21
736,290390,20750,Confirmed Eruption,2,Observations: Reported,2012,10,5,2012,12,12,2012-10-05,2012-12-12
737,290390,18888,Confirmed Eruption,2,Observations: Reported,1981,11,25,1981,11,25,1981-11-25,1981-11-25
738,290390,18889,Confirmed Eruption,2,Observations: Reported,1982,3,29,1982,3,29,1982-03-29,1982-03-29
739,290390,18890,Confirmed Eruption,2,Observations: Reported,1986,5,25,1986,5,28,1986-05-25,1986-05-28
740,290390,18891,Confirmed Eruption,2,Observations: Reported,1996,12,3,1996,12,3,1996-12-03,1996-12-03
741,290390,18885,Confirmed Eruption,3,Observations: Reported,1972,6,18,1972,9,11,1972-06-18,1972-09-11
742,290390,18887,Confirmed Eruption,4,Observations: Reported,1981,4,27,1981,6,5,1981-04-27,1981-06-05
743,290390,21096,Confirmed Eruption,1,Observations: Reported,2015,9,29,2016,8,11,2015-09-29,2016-08-11
744,300010,22198,Confirmed Eruption,3,Observations: Reported,2017,3,24,2017,4,23,2017-03-24,2017-04-23
745,300040,18920,Uncertain Eruption,1,unknown,1972,3,16,1972,3,16,1972-03-16,1972-03-16
879,290030,18740,Confirmed Eruption,4,Observations: Reported,1973,7,14,1973,7,28,1973-07-14,1973-07-28
880,290030,18742,Confirmed Eruption,2,Observations: Reported,1978,7,20,1978,7,20,1978-07-20,1978-07-20
881,290030,18743,Confirmed Eruption,2,Observations: Reported,1981,6,10,1981,6,25,1981-06-10,1981-06-25
882,290030,18744,Uncertain Eruption,1,unknown,1982,2,10,1982,2,14,1982-02-10,1982-02-14
883,290070,20761,Confirmed Eruption,2,Observations: Reported,2012,8,16,2012,8,25,2012-08-16,2012-08-25
884,290070,20762,Confirmed Eruption,2,Observations: Reported,2013,2,16,2013,4,4,2013-02-16,2013-04-04
885,290070,18751,Confirmed Eruption,1,Observations: Reported,1970,7,2,1970,7,2,1970-07-02,1970-07-02
886,290070,18752,Confirmed Eruption,1,Observations: Reported,1973,1,16,1973,1,16,1973-01-16,1973-01-16
887,290070,18753,Confirmed Eruption,2,Observations: Reported,1973,5,16,1973,5,17,1973-05-16,1973-05-17
888,290070,18754,Confirmed Eruption,2,Observations: Reported,1989,5,3,1989,8,5,1989-05-03,1989-08-05
889,290100,18765,Confirmed Eruption,1,Observations: Reported,1999,10,7,1999,10,13,1999-10-07,1999-10-13
999,285070,18707,Confirmed Eruption,1,Observations: Reported,2008,11,18,2008,11,28,2008-11-18,2008-11-28
1000,285070,18700,Confirmed Eruption,1,Observations: Reported,1984,5,1,1984,5,1,1984-05-01,1984-05-01
1001,285070,18701,Confirmed Eruption,1,Observations: Reported,1988,1,5,1988,2,18,1988-01-05,1988-02-18
1002,285070,18702,Confirmed Eruption,1,Observations: Reported,1996,11,21,1996,11,21,1996-11-21,1996-11-21
1003,285070,18703,Confirmed Eruption,1,Observations: Reported,1998,11,9,1998,11,9,1998-11-09,1998-11-09
1004,285070,18704,Confirmed Eruption,1,Observations: Reported,2006,3,21,2006,3,21,2006-03-21,2006-03-21
1145,285020,18580,Confirmed Eruption,1,Observations: Reported,1996,3,5,1996,3,12,1996-03-05,1996-03-12
1146,285020,18581,Confirmed Eruption,2,Observations: Reported,1998,10,25,1998,10,25,1998-10-25,1998-10-25
1147,285020,18582,Confirmed Eruption,1,Observations: Reported,2000,9,4,2000,11,8,2000-09-04,2000-11-08
1148,285030,18602,Confirmed Eruption,2,Observations: Reported,2000,3,31,2001,9,15,2000-03-31,2001-09-15
1149,285030,18601,Confirmed Eruption,3,Observations: Reported,1977,8,7,1982,3,16,1977-08-07,1982-03-16
1150,285040,18633,Confirmed Eruption,1,Observations: Reported,1981,2,27,1981,2,27,1981-02-27,1981-02-27
1151,285040,18631,Confirmed Eruption,1,Observations: Reported,1978,5,14,1978,5,17,1978-05-14,1978-05-17
1152,285040,18632,Confirmed Eruption,1,Observations: Reported,1978,12,12,1979,5,11,1978-12-12,1979-05-11
1153,285050,18659,Confirmed Eruption,1,Observations: Reported,1985,6,19,1985,6,22,1985-06-19,1985-06-22
1154,285050,18660,Confirmed Eruption,2,Observations: Reported,1988,12,10,1989,5,16,1988-12-10,1989-05-16
1155,285050,18661,Confirmed Eruption,1,Observations: Reported,2004,2,25,2004,4,19,2004-02-25,2004-04-19
1223,300125,19125,Confirmed Eruption,3,Observations: Reported,1996,1,2,1996,1,3,1996-01-02,1996-01-03
1224,300120,20907,Confirmed Eruption,2,Observations: Reported,2013,10,23,2013,10,26,2013-10-23,2013-10-26
1225,300120,20908,Confirmed Eruption,3,Observations: Reported,2014,6,6,2015,8,6,2014-06-06,2015-08-06
1226,300120,22177,Confirmed Eruption,2,Observations: Reported,2016,11,20,2016,11,20,2016-11-20,2016-11-20
1227,300130,22265,Confirmed Eruption,3,Observations: Reported,2018,4,28,2018,9,30,2018-04-28,2018-09-30
1228,300130,22309,Confirmed Eruption,2,Observations: Reported,2019,2,16,2019,9,24,2019-02-16,2019-09-24
1229,300130,19184,Confirmed Eruption,3,Observations: Reported,1970,5,11,1982,10,11,1970-05-11,1982-10-11
1230,300130,19186,Confirmed Eruption,3,Observations: Reported,1996,1,2,2000,12,20,1996-01-02,2000-12-20
1231,300130,19187,Confirmed Eruption,3,Observations: Reported,2001,11,15,2016,4,1,2001-11-15,2016-04-01
1232,300130,22178,Confirmed Eruption,2,Observations: Reported,2016,10,5,2016,10,8,2016-10-05,2016-10-08
1233,300130,22230,Confirmed Eruption,3,Observations: Reported,2017,6,4,2018,9,30,2017-06-04,2018-09-30
